codses,codmes,codsem,typjou,jour,mois,annee
2025/2026,semestre2,S010626-070626,Dimanche,07,06,2026
2025/2026,semestre2,S010626-070626,Jeudi,04,06,2026
2025/2026,semestre2,S010626-070626,Lundi,01,06,2026
2025/2026,semestre2,S010626-070626,Mardi,02,06,2026
2025/2026,semestre2,S010626-070626,Mercredi,03,06,2026
2025/2026,semestre2,S010626-070626,Samedi,06,06,2026
2025/2026,semestre2,S010626-070626,Vendredi,05,06,2026
2025/2026,semestre1,S010925-070925,Dimanche,07,09,2025
2025/2026,semestre1,S010925-070925,Jeudi,04,09,2025
2025/2026,semestre1,S010925-070925,Lundi,01,09,2025
2025/2026,semestre1,S010925-070925,Mardi,02,09,2025
2025/2026,semestre1,S010925-070925,Mercredi,03,09,2025
2025/2026,semestre1,S010925-070925,Samedi,06,09,2025
2025/2026,semestre1,S010925-070925,Vendredi,05,09,2025
2025/2026,semestre1,S011225-071225,Dimanche,07,12,2025
2025/2026,semestre1,S011225-071225,Jeudi,04,12,2025
2025/2026,semestre1,S011225-071225,Lundi,01,12,2025
2025/2026,semestre1,S011225-071225,Mardi,02,12,2025
2025/2026,semestre1,S011225-071225,Mercredi,03,12,2025
2025/2026,semestre1,S011225-071225,Samedi,06,12,2025
2025/2026,semestre1,S011225-071225,Vendredi,05,12,2025
2025/2026,semestre2,S020226-080226,Dimanche,08,02,2026
2025/2026,semestre2,S020226-080226,Jeudi,05,02,2026
2025/2026,semestre2,S020226-080226,Lundi,02,02,2026
2025/2026,semestre2,S020226-080226,Mardi,03,02,2026
2025/2026,semestre2,S020226-080226,Mercredi,04,02,2026
2025/2026,semestre2,S020226-080226,Samedi,07,02,2026
2025/2026,semestre2,S020226-080226,Vendredi,06,02,2026
2025/2026,semestre2,S020326-080326,Dimanche,08,03,2026
2025/2026,semestre2,S020326-080326,Jeudi,05,03,2026
2025/2026,semestre2,S020326-080326,Lundi,02,03,2026
2025/2026,semestre2,S020326-080326,Mardi,03,03,2026
2025/2026,semestre2,S020326-080326,Mercredi,04,03,2026
2025/2026,semestre2,S020326-080326,Samedi,07,03,2026
2025/2026,semestre2,S020326-080326,Vendredi,06,03,2026
2024/2025,semestre2,S020625-080625,Dimanche,08,06,2025
2024/2025,semestre2,S020625-080625,Jeudi,05,06,2025
2024/2025,semestre2,S020625-080625,Lundi,02,06,2025
2024/2025,semestre2,S020625-080625,Mardi,03,06,2025
2024/2025,semestre2,S020625-080625,Mercredi,04,06,2025
2024/2025,semestre2,S020625-080625,Samedi,07,06,2025
2024/2025,semestre2,S020625-080625,Vendredi,06,06,2025
2024/2025,semestre1,S020924-080924,Dimanche,08,09,2024
2024/2025,semestre1,S020924-080924,Jeudi,05,09,2024
2024/2025,semestre1,S020924-080924,Lundi,02,09,2024
2024/2025,semestre1,S020924-080924,Mardi,03,09,2024
2024/2025,semestre1,S020924-080924,Mercredi,04,09,2024
2024/2025,semestre1,S020924-080924,Samedi,07,09,2024
2024/2025,semestre1,S020924-080924,Vendredi,06,09,2024
2026/2027,semestre1,S021126-081126,Dimanche,08,11,2026
2026/2027,semestre1,S021126-081126,Jeudi,05,11,2026
2026/2027,semestre1,S021126-081126,Lundi,02,11,2026
2026/2027,semestre1,S021126-081126,Mardi,03,11,2026
2026/2027,semestre1,S021126-081126,Mercredi,04,11,2026
2026/2027,semestre1,S021126-081126,Samedi,07,11,2026
2026/2027,semestre1,S021126-081126,Vendredi,06,11,2026
2024/2025,semestre1,S021224-081224,Dimanche,08,12,2024
2024/2025,semestre1,S021224-081224,Jeudi,05,12,2024
2024/2025,semestre1,S021224-081224,Lundi,02,12,2024
2024/2025,semestre1,S021224-081224,Mardi,03,12,2024
2024/2025,semestre1,S021224-081224,Mercredi,04,12,2024
2024/2025,semestre1,S021224-081224,Samedi,07,12,2024
2024/2025,semestre1,S021224-081224,Vendredi,06,12,2024
2024/2025,semestre2,S030225-090225,Dimanche,09,02,2025
2024/2025,semestre2,S030225-090225,Jeudi,06,02,2025
2024/2025,semestre2,S030225-090225,Lundi,03,02,2025
2024/2025,semestre2,S030225-090225,Mardi,04,02,2025
2024/2025,semestre2,S030225-090225,Mercredi,05,02,2025
2024/2025,semestre2,S030225-090225,Samedi,08,02,2025
2024/2025,semestre2,S030225-090225,Vendredi,07,02,2025
2024/2025,semestre2,S030325-090325,Dimanche,09,03,2025
2024/2025,semestre2,S030325-090325,Jeudi,06,03,2025
2024/2025,semestre2,S030325-090325,Lundi,03,03,2025
2024/2025,semestre2,S030325-090325,Mardi,04,03,2025
2024/2025,semestre2,S030325-090325,Mercredi,05,03,2025
2024/2025,semestre2,S030325-090325,Samedi,08,03,2025
2024/2025,semestre2,S030325-090325,Vendredi,07,03,2025
2025/2026,semestre1,S031125-091125,Dimanche,09,11,2025
2025/2026,semestre1,S031125-091125,Jeudi,06,11,2025
2025/2026,semestre1,S031125-091125,Lundi,03,11,2025
2025/2026,semestre1,S031125-091125,Mardi,04,11,2025
2025/2026,semestre1,S031125-091125,Mercredi,05,11,2025
2025/2026,semestre1,S031125-091125,Samedi,08,11,2025
2025/2026,semestre1,S031125-091125,Vendredi,07,11,2025
2025/2026,semestre2,S040526-100526,Dimanche,10,05,2026
2025/2026,semestre2,S040526-100526,Jeudi,07,05,2026
2025/2026,semestre2,S040526-100526,Lundi,04,05,2026
2025/2026,semestre2,S040526-100526,Mardi,05,05,2026
2025/2026,semestre2,S040526-100526,Mercredi,06,05,2026
2025/2026,semestre2,S040526-100526,Samedi,09,05,2026
2025/2026,semestre2,S040526-100526,Vendredi,08,05,2026
2024/2025,semestre1,S041124-101124,Dimanche,10,11,2024
2024/2025,semestre1,S041124-101124,Jeudi,07,11,2024
2024/2025,semestre1,S041124-101124,Lundi,04,11,2024
2024/2025,semestre1,S041124-101124,Mardi,05,11,2024
2024/2025,semestre1,S041124-101124,Mercredi,06,11,2024
2024/2025,semestre1,S041124-101124,Samedi,09,11,2024
2024/2025,semestre1,S041124-101124,Vendredi,08,11,2024
2025/2026,semestre2,S050126-110126,Dimanche,11,01,2026
2025/2026,semestre2,S050126-110126,Jeudi,08,01,2026
2025/2026,semestre2,S050126-110126,Lundi,05,01,2026
2025/2026,semestre2,S050126-110126,Mardi,06,01,2026
2025/2026,semestre2,S050126-110126,Mercredi,07,01,2026
2025/2026,semestre2,S050126-110126,Samedi,10,01,2026
2025/2026,semestre2,S050126-110126,Vendredi,09,01,2026
2024/2025,semestre2,S050525-110525,Dimanche,11,05,2025
2024/2025,semestre2,S050525-110525,Jeudi,08,05,2025
2024/2025,semestre2,S050525-110525,Lundi,05,05,2025
2024/2025,semestre2,S050525-110525,Mardi,06,05,2025
2024/2025,semestre2,S050525-110525,Mercredi,07,05,2025
2024/2025,semestre2,S050525-110525,Samedi,10,05,2025
2024/2025,semestre2,S050525-110525,Vendredi,09,05,2025
2026/2027,semestre1,S051026-111026,Dimanche,11,10,2026
2026/2027,semestre1,S051026-111026,Jeudi,08,10,2026
2026/2027,semestre1,S051026-111026,Lundi,05,10,2026
2026/2027,semestre1,S051026-111026,Mardi,06,10,2026
2026/2027,semestre1,S051026-111026,Mercredi,07,10,2026
2026/2027,semestre1,S051026-111026,Samedi,10,10,2026
2026/2027,semestre1,S051026-111026,Vendredi,09,10,2026
2024/2025,semestre2,S060125-120125,Dimanche,12,01,2025
2024/2025,semestre2,S060125-120125,Jeudi,09,01,2025
2024/2025,semestre2,S060125-120125,Lundi,06,01,2025
2024/2025,semestre2,S060125-120125,Mardi,07,01,2025
2024/2025,semestre2,S060125-120125,Mercredi,08,01,2025
2024/2025,semestre2,S060125-120125,Samedi,11,01,2025
2024/2025,semestre2,S060125-120125,Vendredi,10,01,2025
2025/2026,semestre2,S060426-120426,Dimanche,12,04,2026
2025/2026,semestre2,S060426-120426,Jeudi,09,04,2026
2025/2026,semestre2,S060426-120426,Lundi,06,04,2026
2025/2026,semestre2,S060426-120426,Mardi,07,04,2026
2025/2026,semestre2,S060426-120426,Mercredi,08,04,2026
2025/2026,semestre2,S060426-120426,Samedi,11,04,2026
2025/2026,semestre2,S060426-120426,Vendredi,10,04,2026
2025/2026,semestre1,S061025-121025,Dimanche,12,10,2025
2025/2026,semestre1,S061025-121025,Jeudi,09,10,2025
2025/2026,semestre1,S061025-121025,Lundi,06,10,2025
2025/2026,semestre1,S061025-121025,Mardi,07,10,2025
2025/2026,semestre1,S061025-121025,Mercredi,08,10,2025
2025/2026,semestre1,S061025-121025,Samedi,11,10,2025
2025/2026,semestre1,S061025-121025,Vendredi,10,10,2025
2024/2025,semestre2,S070425-130425,Dimanche,13,04,2025
2024/2025,semestre2,S070425-130425,Jeudi,10,04,2025
2024/2025,semestre2,S070425-130425,Lundi,07,04,2025
2024/2025,semestre2,S070425-130425,Mardi,08,04,2025
2024/2025,semestre2,S070425-130425,Mercredi,09,04,2025
2024/2025,semestre2,S070425-130425,Samedi,12,04,2025
2024/2025,semestre2,S070425-130425,Vendredi,11,04,2025
2026/2027,semestre1,S070926-130926,Dimanche,13,09,2026
2026/2027,semestre1,S070926-130926,Jeudi,10,09,2026
2026/2027,semestre1,S070926-130926,Lundi,07,09,2026
2026/2027,semestre1,S070926-130926,Mardi,08,09,2026
2026/2027,semestre1,S070926-130926,Mercredi,09,09,2026
2026/2027,semestre1,S070926-130926,Samedi,12,09,2026
2026/2027,semestre1,S070926-130926,Vendredi,11,09,2026
2024/2025,semestre1,S071024-131024,Dimanche,13,10,2024
2024/2025,semestre1,S071024-131024,Jeudi,10,10,2024
2024/2025,semestre1,S071024-131024,Lundi,07,10,2024
2024/2025,semestre1,S071024-131024,Mardi,08,10,2024
2024/2025,semestre1,S071024-131024,Mercredi,09,10,2024
2024/2025,semestre1,S071024-131024,Samedi,12,10,2024
2024/2025,semestre1,S071024-131024,Vendredi,11,10,2024
2026/2027,semestre1,S071226-131226,Dimanche,13,12,2026
2026/2027,semestre1,S071226-131226,Jeudi,10,12,2026
2026/2027,semestre1,S071226-131226,Lundi,07,12,2026
2026/2027,semestre1,S071226-131226,Mardi,08,12,2026
2026/2027,semestre1,S071226-131226,Mercredi,09,12,2026
2026/2027,semestre1,S071226-131226,Samedi,12,12,2026
2026/2027,semestre1,S071226-131226,Vendredi,11,12,2026
2025/2026,semestre2,S080626-140626,Dimanche,14,06,2026
2025/2026,semestre2,S080626-140626,Jeudi,11,06,2026
2025/2026,semestre2,S080626-140626,Lundi,08,06,2026
2025/2026,semestre2,S080626-140626,Mardi,09,06,2026
2025/2026,semestre2,S080626-140626,Mercredi,10,06,2026
2025/2026,semestre2,S080626-140626,Samedi,13,06,2026
2025/2026,semestre2,S080626-140626,Vendredi,12,06,2026
2025/2026,semestre1,S080925-140925,Dimanche,14,09,2025
2025/2026,semestre1,S080925-140925,Jeudi,11,09,2025
2025/2026,semestre1,S080925-140925,Lundi,08,09,2025
2025/2026,semestre1,S080925-140925,Mardi,09,09,2025
2025/2026,semestre1,S080925-140925,Mercredi,10,09,2025
2025/2026,semestre1,S080925-140925,Samedi,13,09,2025
2025/2026,semestre1,S080925-140925,Vendredi,12,09,2025
2025/2026,semestre1,S081225-141225,Dimanche,14,12,2025
2025/2026,semestre1,S081225-141225,Jeudi,11,12,2025
2025/2026,semestre1,S081225-141225,Lundi,08,12,2025
2025/2026,semestre1,S081225-141225,Mardi,09,12,2025
2025/2026,semestre1,S081225-141225,Mercredi,10,12,2025
2025/2026,semestre1,S081225-141225,Samedi,13,12,2025
2025/2026,semestre1,S081225-141225,Vendredi,12,12,2025
2025/2026,semestre2,S090226-150226,Dimanche,15,02,2026
2025/2026,semestre2,S090226-150226,Jeudi,12,02,2026
2025/2026,semestre2,S090226-150226,Lundi,09,02,2026
2025/2026,semestre2,S090226-150226,Mardi,10,02,2026
2025/2026,semestre2,S090226-150226,Mercredi,11,02,2026
2025/2026,semestre2,S090226-150226,Samedi,14,02,2026
2025/2026,semestre2,S090226-150226,Vendredi,13,02,2026
2025/2026,semestre2,S090326-150326,Dimanche,15,03,2026
2025/2026,semestre2,S090326-150326,Jeudi,12,03,2026
2025/2026,semestre2,S090326-150326,Lundi,09,03,2026
2025/2026,semestre2,S090326-150326,Mardi,10,03,2026
2025/2026,semestre2,S090326-150326,Mercredi,11,03,2026
2025/2026,semestre2,S090326-150326,Samedi,14,03,2026
2025/2026,semestre2,S090326-150326,Vendredi,13,03,2026
2024/2025,semestre2,S090625-150625,Dimanche,15,06,2025
2024/2025,semestre2,S090625-150625,Jeudi,12,06,2025
2024/2025,semestre2,S090625-150625,Lundi,09,06,2025
2024/2025,semestre2,S090625-150625,Mardi,10,06,2025
2024/2025,semestre2,S090625-150625,Mercredi,11,06,2025
2024/2025,semestre2,S090625-150625,Samedi,14,06,2025
2024/2025,semestre2,S090625-150625,Vendredi,13,06,2025
2024/2025,semestre1,S090924-150924,Dimanche,15,09,2024
2024/2025,semestre1,S090924-150924,Jeudi,12,09,2024
2024/2025,semestre1,S090924-150924,Lundi,09,09,2024
2024/2025,semestre1,S090924-150924,Mardi,10,09,2024
2024/2025,semestre1,S090924-150924,Mercredi,11,09,2024
2024/2025,semestre1,S090924-150924,Samedi,14,09,2024
2024/2025,semestre1,S090924-150924,Vendredi,13,09,2024
2026/2027,semestre1,S091126-151126,Dimanche,15,11,2026
2026/2027,semestre1,S091126-151126,Jeudi,12,11,2026
2026/2027,semestre1,S091126-151126,Lundi,09,11,2026
2026/2027,semestre1,S091126-151126,Mardi,10,11,2026
2026/2027,semestre1,S091126-151126,Mercredi,11,11,2026
2026/2027,semestre1,S091126-151126,Samedi,14,11,2026
2026/2027,semestre1,S091126-151126,Vendredi,13,11,2026
2024/2025,semestre1,S091224-151224,Dimanche,15,12,2024
2024/2025,semestre1,S091224-151224,Jeudi,12,12,2024
2024/2025,semestre1,S091224-151224,Lundi,09,12,2024
2024/2025,semestre1,S091224-151224,Mardi,10,12,2024
2024/2025,semestre1,S091224-151224,Mercredi,11,12,2024
2024/2025,semestre1,S091224-151224,Samedi,14,12,2024
2024/2025,semestre1,S091224-151224,Vendredi,13,12,2024
2024/2025,semestre2,S100225-160225,Dimanche,16,02,2025
2024/2025,semestre2,S100225-160225,Jeudi,13,02,2025
2024/2025,semestre2,S100225-160225,Lundi,10,02,2025
2024/2025,semestre2,S100225-160225,Mardi,11,02,2025
2024/2025,semestre2,S100225-160225,Mercredi,12,02,2025
2024/2025,semestre2,S100225-160225,Samedi,15,02,2025
2024/2025,semestre2,S100225-160225,Vendredi,14,02,2025
2024/2025,semestre2,S100325-160325,Dimanche,16,03,2025
2024/2025,semestre2,S100325-160325,Jeudi,13,03,2025
2024/2025,semestre2,S100325-160325,Lundi,10,03,2025
2024/2025,semestre2,S100325-160325,Mardi,11,03,2025
2024/2025,semestre2,S100325-160325,Mercredi,12,03,2025
2024/2025,semestre2,S100325-160325,Samedi,15,03,2025
2024/2025,semestre2,S100325-160325,Vendredi,14,03,2025
2025/2026,semestre1,S101125-161125,Dimanche,16,11,2025
2025/2026,semestre1,S101125-161125,Jeudi,13,11,2025
2025/2026,semestre1,S101125-161125,Lundi,10,11,2025
2025/2026,semestre1,S101125-161125,Mardi,11,11,2025
2025/2026,semestre1,S101125-161125,Mercredi,12,11,2025
2025/2026,semestre1,S101125-161125,Samedi,15,11,2025
2025/2026,semestre1,S101125-161125,Vendredi,14,11,2025
2025/2026,semestre2,S110526-170526,Dimanche,17,05,2026
2025/2026,semestre2,S110526-170526,Jeudi,14,05,2026
2025/2026,semestre2,S110526-170526,Lundi,11,05,2026
2025/2026,semestre2,S110526-170526,Mardi,12,05,2026
2025/2026,semestre2,S110526-170526,Mercredi,13,05,2026
2025/2026,semestre2,S110526-170526,Samedi,16,05,2026
2025/2026,semestre2,S110526-170526,Vendredi,15,05,2026
2024/2025,semestre1,S111124-171124,Dimanche,17,11,2024
2024/2025,semestre1,S111124-171124,Jeudi,14,11,2024
2024/2025,semestre1,S111124-171124,Lundi,11,11,2024
2024/2025,semestre1,S111124-171124,Mardi,12,11,2024
2024/2025,semestre1,S111124-171124,Mercredi,13,11,2024
2024/2025,semestre1,S111124-171124,Samedi,16,11,2024
2024/2025,semestre1,S111124-171124,Vendredi,15,11,2024
2025/2026,semestre2,S120126-180126,Dimanche,18,01,2026
2025/2026,semestre2,S120126-180126,Jeudi,15,01,2026
2025/2026,semestre2,S120126-180126,Lundi,12,01,2026
2025/2026,semestre2,S120126-180126,Mardi,13,01,2026
2025/2026,semestre2,S120126-180126,Mercredi,14,01,2026
2025/2026,semestre2,S120126-180126,Samedi,17,01,2026
2025/2026,semestre2,S120126-180126,Vendredi,16,01,2026
2024/2025,semestre2,S120525-180525,Dimanche,18,05,2025
2024/2025,semestre2,S120525-180525,Jeudi,15,05,2025
2024/2025,semestre2,S120525-180525,Lundi,12,05,2025
2024/2025,semestre2,S120525-180525,Mardi,13,05,2025
2024/2025,semestre2,S120525-180525,Mercredi,14,05,2025
2024/2025,semestre2,S120525-180525,Samedi,17,05,2025
2024/2025,semestre2,S120525-180525,Vendredi,16,05,2025
2026/2027,semestre1,S121026-181026,Dimanche,18,10,2026
2026/2027,semestre1,S121026-181026,Jeudi,15,10,2026
2026/2027,semestre1,S121026-181026,Lundi,12,10,2026
2026/2027,semestre1,S121026-181026,Mardi,13,10,2026
2026/2027,semestre1,S121026-181026,Mercredi,14,10,2026
2026/2027,semestre1,S121026-181026,Samedi,17,10,2026
2026/2027,semestre1,S121026-181026,Vendredi,16,10,2026
2024/2025,semestre2,S130125-190125,Dimanche,19,01,2025
2024/2025,semestre2,S130125-190125,Jeudi,16,01,2025
2024/2025,semestre2,S130125-190125,Lundi,13,01,2025
2024/2025,semestre2,S130125-190125,Mardi,14,01,2025
2024/2025,semestre2,S130125-190125,Mercredi,15,01,2025
2024/2025,semestre2,S130125-190125,Samedi,18,01,2025
2024/2025,semestre2,S130125-190125,Vendredi,17,01,2025
2025/2026,semestre2,S130426-190426,Dimanche,19,04,2026
2025/2026,semestre2,S130426-190426,Jeudi,16,04,2026
2025/2026,semestre2,S130426-190426,Lundi,13,04,2026
2025/2026,semestre2,S130426-190426,Mardi,14,04,2026
2025/2026,semestre2,S130426-190426,Mercredi,15,04,2026
2025/2026,semestre2,S130426-190426,Samedi,18,04,2026
2025/2026,semestre2,S130426-190426,Vendredi,17,04,2026
2025/2026,semestre1,S131025-191025,Dimanche,19,10,2025
2025/2026,semestre1,S131025-191025,Jeudi,16,10,2025
2025/2026,semestre1,S131025-191025,Lundi,13,10,2025
2025/2026,semestre1,S131025-191025,Mardi,14,10,2025
2025/2026,semestre1,S131025-191025,Mercredi,15,10,2025
2025/2026,semestre1,S131025-191025,Samedi,18,10,2025
2025/2026,semestre1,S131025-191025,Vendredi,17,10,2025
2024/2025,semestre2,S140425-200425,Dimanche,20,04,2025
2024/2025,semestre2,S140425-200425,Jeudi,17,04,2025
2024/2025,semestre2,S140425-200425,Lundi,14,04,2025
2024/2025,semestre2,S140425-200425,Mardi,15,04,2025
2024/2025,semestre2,S140425-200425,Mercredi,16,04,2025
2024/2025,semestre2,S140425-200425,Samedi,19,04,2025
2024/2025,semestre2,S140425-200425,Vendredi,18,04,2025
2026/2027,semestre1,S140926-200926,Dimanche,20,09,2026
2026/2027,semestre1,S140926-200926,Jeudi,17,09,2026
2026/2027,semestre1,S140926-200926,Lundi,14,09,2026
2026/2027,semestre1,S140926-200926,Mardi,15,09,2026
2026/2027,semestre1,S140926-200926,Mercredi,16,09,2026
2026/2027,semestre1,S140926-200926,Samedi,19,09,2026
2026/2027,semestre1,S140926-200926,Vendredi,18,09,2026
2024/2025,semestre1,S141024-201024,Dimanche,20,10,2024
2024/2025,semestre1,S141024-201024,Jeudi,17,10,2024
2024/2025,semestre1,S141024-201024,Lundi,14,10,2024
2024/2025,semestre1,S141024-201024,Mardi,15,10,2024
2024/2025,semestre1,S141024-201024,Mercredi,16,10,2024
2024/2025,semestre1,S141024-201024,Samedi,19,10,2024
2024/2025,semestre1,S141024-201024,Vendredi,18,10,2024
2026/2027,semestre1,S141226-201226,Dimanche,20,12,2026
2026/2027,semestre1,S141226-201226,Jeudi,17,12,2026
2026/2027,semestre1,S141226-201226,Lundi,14,12,2026
2026/2027,semestre1,S141226-201226,Mardi,15,12,2026
2026/2027,semestre1,S141226-201226,Mercredi,16,12,2026
2026/2027,semestre1,S141226-201226,Samedi,19,12,2026
2026/2027,semestre1,S141226-201226,Vendredi,18,12,2026
2025/2026,semestre2,S150626-210626,Dimanche,21,06,2026
2025/2026,semestre2,S150626-210626,Jeudi,18,06,2026
2025/2026,semestre2,S150626-210626,Lundi,15,06,2026
2025/2026,semestre2,S150626-210626,Mardi,16,06,2026
2025/2026,semestre2,S150626-210626,Mercredi,17,06,2026
2025/2026,semestre2,S150626-210626,Samedi,20,06,2026
2025/2026,semestre2,S150626-210626,Vendredi,19,06,2026
2025/2026,semestre1,S150925-210925,Dimanche,21,09,2025
2025/2026,semestre1,S150925-210925,Jeudi,18,09,2025
2025/2026,semestre1,S150925-210925,Lundi,15,09,2025
2025/2026,semestre1,S150925-210925,Mardi,16,09,2025
2025/2026,semestre1,S150925-210925,Mercredi,17,09,2025
2025/2026,semestre1,S150925-210925,Samedi,20,09,2025
2025/2026,semestre1,S150925-210925,Vendredi,19,09,2025
2025/2026,semestre1,S151225-211225,Dimanche,21,12,2025
2025/2026,semestre1,S151225-211225,Jeudi,18,12,2025
2025/2026,semestre1,S151225-211225,Lundi,15,12,2025
2025/2026,semestre1,S151225-211225,Mardi,16,12,2025
2025/2026,semestre1,S151225-211225,Mercredi,17,12,2025
2025/2026,semestre1,S151225-211225,Samedi,20,12,2025
2025/2026,semestre1,S151225-211225,Vendredi,19,12,2025
2025/2026,semestre2,S160226-220226,Dimanche,22,02,2026
2025/2026,semestre2,S160226-220226,Jeudi,19,02,2026
2025/2026,semestre2,S160226-220226,Lundi,16,02,2026
2025/2026,semestre2,S160226-220226,Mardi,17,02,2026
2025/2026,semestre2,S160226-220226,Mercredi,18,02,2026
2025/2026,semestre2,S160226-220226,Samedi,21,02,2026
2025/2026,semestre2,S160226-220226,Vendredi,20,02,2026
2025/2026,semestre2,S160326-220326,Dimanche,22,03,2026
2025/2026,semestre2,S160326-220326,Jeudi,19,03,2026
2025/2026,semestre2,S160326-220326,Lundi,16,03,2026
2025/2026,semestre2,S160326-220326,Mardi,17,03,2026
2025/2026,semestre2,S160326-220326,Mercredi,18,03,2026
2025/2026,semestre2,S160326-220326,Samedi,21,03,2026
2025/2026,semestre2,S160326-220326,Vendredi,20,03,2026
2024/2025,semestre2,S160625-220625,Dimanche,22,06,2025
2024/2025,semestre2,S160625-220625,Jeudi,19,06,2025
2024/2025,semestre2,S160625-220625,Lundi,16,06,2025
2024/2025,semestre2,S160625-220625,Mardi,17,06,2025
2024/2025,semestre2,S160625-220625,Mercredi,18,06,2025
2024/2025,semestre2,S160625-220625,Samedi,21,06,2025
2024/2025,semestre2,S160625-220625,Vendredi,20,06,2025
2024/2025,semestre1,S160924-220924,Dimanche,22,09,2024
2024/2025,semestre1,S160924-220924,Jeudi,19,09,2024
2024/2025,semestre1,S160924-220924,Lundi,16,09,2024
2024/2025,semestre1,S160924-220924,Mardi,17,09,2024
2024/2025,semestre1,S160924-220924,Mercredi,18,09,2024
2024/2025,semestre1,S160924-220924,Samedi,21,09,2024
2024/2025,semestre1,S160924-220924,Vendredi,20,09,2024
2026/2027,semestre1,S161126-221126,Dimanche,22,11,2026
2026/2027,semestre1,S161126-221126,Jeudi,19,11,2026
2026/2027,semestre1,S161126-221126,Lundi,16,11,2026
2026/2027,semestre1,S161126-221126,Mardi,17,11,2026
2026/2027,semestre1,S161126-221126,Mercredi,18,11,2026
2026/2027,semestre1,S161126-221126,Samedi,21,11,2026
2026/2027,semestre1,S161126-221126,Vendredi,20,11,2026
2024/2025,semestre1,S161224-221224,Dimanche,22,12,2024
2024/2025,semestre1,S161224-221224,Jeudi,19,12,2024
2024/2025,semestre1,S161224-221224,Lundi,16,12,2024
2024/2025,semestre1,S161224-221224,Mardi,17,12,2024
2024/2025,semestre1,S161224-221224,Mercredi,18,12,2024
2024/2025,semestre1,S161224-221224,Samedi,21,12,2024
2024/2025,semestre1,S161224-221224,Vendredi,20,12,2024
2024/2025,semestre2,S170225-230225,Dimanche,23,02,2025
2024/2025,semestre2,S170225-230225,Jeudi,20,02,2025
2024/2025,semestre2,S170225-230225,Lundi,17,02,2025
2024/2025,semestre2,S170225-230225,Mardi,18,02,2025
2024/2025,semestre2,S170225-230225,Mercredi,19,02,2025
2024/2025,semestre2,S170225-230225,Samedi,22,02,2025
2024/2025,semestre2,S170225-230225,Vendredi,21,02,2025
2024/2025,semestre2,S170325-230325,Dimanche,23,03,2025
2024/2025,semestre2,S170325-230325,Jeudi,20,03,2025
2024/2025,semestre2,S170325-230325,Lundi,17,03,2025
2024/2025,semestre2,S170325-230325,Mardi,18,03,2025
2024/2025,semestre2,S170325-230325,Mercredi,19,03,2025
2024/2025,semestre2,S170325-230325,Samedi,22,03,2025
2024/2025,semestre2,S170325-230325,Vendredi,21,03,2025
2025/2026,semestre1,S171125-231125,Dimanche,23,11,2025
2025/2026,semestre1,S171125-231125,Jeudi,20,11,2025
2025/2026,semestre1,S171125-231125,Lundi,17,11,2025
2025/2026,semestre1,S171125-231125,Mardi,18,11,2025
2025/2026,semestre1,S171125-231125,Mercredi,19,11,2025
2025/2026,semestre1,S171125-231125,Samedi,22,11,2025
2025/2026,semestre1,S171125-231125,Vendredi,21,11,2025
2025/2026,semestre2,S180526-240526,Dimanche,24,05,2026
2025/2026,semestre2,S180526-240526,Jeudi,21,05,2026
2025/2026,semestre2,S180526-240526,Lundi,18,05,2026
2025/2026,semestre2,S180526-240526,Mardi,19,05,2026
2025/2026,semestre2,S180526-240526,Mercredi,20,05,2026
2025/2026,semestre2,S180526-240526,Samedi,23,05,2026
2025/2026,semestre2,S180526-240526,Vendredi,22,05,2026
2024/2025,semestre1,S181124-241124,Dimanche,24,11,2024
2024/2025,semestre1,S181124-241124,Jeudi,21,11,2024
2024/2025,semestre1,S181124-241124,Lundi,18,11,2024
2024/2025,semestre1,S181124-241124,Mardi,19,11,2024
2024/2025,semestre1,S181124-241124,Mercredi,20,11,2024
2024/2025,semestre1,S181124-241124,Samedi,23,11,2024
2024/2025,semestre1,S181124-241124,Vendredi,22,11,2024
2025/2026,semestre2,S190126-250126,Dimanche,25,01,2026
2025/2026,semestre2,S190126-250126,Jeudi,22,01,2026
2025/2026,semestre2,S190126-250126,Lundi,19,01,2026
2025/2026,semestre2,S190126-250126,Mardi,20,01,2026
2025/2026,semestre2,S190126-250126,Mercredi,21,01,2026
2025/2026,semestre2,S190126-250126,Samedi,24,01,2026
2025/2026,semestre2,S190126-250126,Vendredi,23,01,2026
2024/2025,semestre2,S190525-250525,Dimanche,25,05,2025
2024/2025,semestre2,S190525-250525,Jeudi,22,05,2025
2024/2025,semestre2,S190525-250525,Lundi,19,05,2025
2024/2025,semestre2,S190525-250525,Mardi,20,05,2025
2024/2025,semestre2,S190525-250525,Mercredi,21,05,2025
2024/2025,semestre2,S190525-250525,Samedi,24,05,2025
2024/2025,semestre2,S190525-250525,Vendredi,23,05,2025
2026/2027,semestre1,S191026-251026,Dimanche,25,10,2026
2026/2027,semestre1,S191026-251026,Jeudi,22,10,2026
2026/2027,semestre1,S191026-251026,Lundi,19,10,2026
2026/2027,semestre1,S191026-251026,Mardi,20,10,2026
2026/2027,semestre1,S191026-251026,Mercredi,21,10,2026
2026/2027,semestre1,S191026-251026,Samedi,24,10,2026
2026/2027,semestre1,S191026-251026,Vendredi,23,10,2026
2024/2025,semestre2,S200125-260125,Dimanche,26,01,2025
2024/2025,semestre2,S200125-260125,Jeudi,23,01,2025
2024/2025,semestre2,S200125-260125,Lundi,20,01,2025
2024/2025,semestre2,S200125-260125,Mardi,21,01,2025
2024/2025,semestre2,S200125-260125,Mercredi,22,01,2025
2024/2025,semestre2,S200125-260125,Samedi,25,01,2025
2024/2025,semestre2,S200125-260125,Vendredi,24,01,2025
2025/2026,semestre2,S200426-260426,Dimanche,26,04,2026
2025/2026,semestre2,S200426-260426,Jeudi,23,04,2026
2025/2026,semestre2,S200426-260426,Lundi,20,04,2026
2025/2026,semestre2,S200426-260426,Mardi,21,04,2026
2025/2026,semestre2,S200426-260426,Mercredi,22,04,2026
2025/2026,semestre2,S200426-260426,Samedi,25,04,2026
2025/2026,semestre2,S200426-260426,Vendredi,24,04,2026
2025/2026,semestre1,S201025-261025,Dimanche,26,10,2025
2025/2026,semestre1,S201025-261025,Jeudi,23,10,2025
2025/2026,semestre1,S201025-261025,Lundi,20,10,2025
2025/2026,semestre1,S201025-261025,Mardi,21,10,2025
2025/2026,semestre1,S201025-261025,Mercredi,22,10,2025
2025/2026,semestre1,S201025-261025,Samedi,25,10,2025
2025/2026,semestre1,S201025-261025,Vendredi,24,10,2025
2024/2025,semestre2,S210425-270425,Dimanche,27,04,2025
2024/2025,semestre2,S210425-270425,Jeudi,24,04,2025
2024/2025,semestre2,S210425-270425,Lundi,21,04,2025
2024/2025,semestre2,S210425-270425,Mardi,22,04,2025
2024/2025,semestre2,S210425-270425,Mercredi,23,04,2025
2024/2025,semestre2,S210425-270425,Samedi,26,04,2025
2024/2025,semestre2,S210425-270425,Vendredi,25,04,2025
2026/2027,semestre1,S210926-270926,Dimanche,27,09,2026
2026/2027,semestre1,S210926-270926,Jeudi,24,09,2026
2026/2027,semestre1,S210926-270926,Lundi,21,09,2026
2026/2027,semestre1,S210926-270926,Mardi,22,09,2026
2026/2027,semestre1,S210926-270926,Mercredi,23,09,2026
2026/2027,semestre1,S210926-270926,Samedi,26,09,2026
2026/2027,semestre1,S210926-270926,Vendredi,25,09,2026
2024/2025,semestre1,S211024-271024,Dimanche,27,10,2024
2024/2025,semestre1,S211024-271024,Jeudi,24,10,2024
2024/2025,semestre1,S211024-271024,Lundi,21,10,2024
2024/2025,semestre1,S211024-271024,Mardi,22,10,2024
2024/2025,semestre1,S211024-271024,Mercredi,23,10,2024
2024/2025,semestre1,S211024-271024,Samedi,26,10,2024
2024/2025,semestre1,S211024-271024,Vendredi,25,10,2024
2026/2027,semestre1,S211226-271226,Dimanche,27,12,2026
2026/2027,semestre1,S211226-271226,Jeudi,24,12,2026
2026/2027,semestre1,S211226-271226,Lundi,21,12,2026
2026/2027,semestre1,S211226-271226,Mardi,22,12,2026
2026/2027,semestre1,S211226-271226,Mercredi,23,12,2026
2026/2027,semestre1,S211226-271226,Samedi,26,12,2026
2026/2027,semestre1,S211226-271226,Vendredi,25,12,2026
2025/2026,semestre2,S220626-280626,Dimanche,28,06,2026
2025/2026,semestre2,S220626-280626,Jeudi,25,06,2026
2025/2026,semestre2,S220626-280626,Lundi,22,06,2026
2025/2026,semestre2,S220626-280626,Mardi,23,06,2026
2025/2026,semestre2,S220626-280626,Mercredi,24,06,2026
2025/2026,semestre2,S220626-280626,Samedi,27,06,2026
2025/2026,semestre2,S220626-280626,Vendredi,26,06,2026
2025/2026,semestre1,S220925-280925,Dimanche,28,09,2025
2025/2026,semestre1,S220925-280925,Jeudi,25,09,2025
2025/2026,semestre1,S220925-280925,Lundi,22,09,2025
2025/2026,semestre1,S220925-280925,Mardi,23,09,2025
2025/2026,semestre1,S220925-280925,Mercredi,24,09,2025
2025/2026,semestre1,S220925-280925,Samedi,27,09,2025
2025/2026,semestre1,S220925-280925,Vendredi,26,09,2025
2025/2026,semestre1,S221225-281225,Dimanche,28,12,2025
2025/2026,semestre1,S221225-281225,Jeudi,25,12,2025
2025/2026,semestre1,S221225-281225,Lundi,22,12,2025
2025/2026,semestre1,S221225-281225,Mardi,23,12,2025
2025/2026,semestre1,S221225-281225,Mercredi,24,12,2025
2025/2026,semestre1,S221225-281225,Samedi,27,12,2025
2025/2026,semestre1,S221225-281225,Vendredi,26,12,2025
2025/2026,semestre2,S230226-010326,Dimanche,01,03,2026
2025/2026,semestre2,S230226-010326,Jeudi,26,02,2026
2025/2026,semestre2,S230226-010326,Lundi,23,02,2026
2025/2026,semestre2,S230226-010326,Mardi,24,02,2026
2025/2026,semestre2,S230226-010326,Mercredi,25,02,2026
2025/2026,semestre2,S230226-010326,Samedi,28,02,2026
2025/2026,semestre2,S230226-010326,Vendredi,27,02,2026
2025/2026,semestre2,S230326-290326,Dimanche,29,03,2026
2025/2026,semestre2,S230326-290326,Jeudi,26,03,2026
2025/2026,semestre2,S230326-290326,Lundi,23,03,2026
2025/2026,semestre2,S230326-290326,Mardi,24,03,2026
2025/2026,semestre2,S230326-290326,Mercredi,25,03,2026
2025/2026,semestre2,S230326-290326,Samedi,28,03,2026
2025/2026,semestre2,S230326-290326,Vendredi,27,03,2026
2024/2025,semestre2,S230625-290625,Dimanche,29,06,2025
2024/2025,semestre2,S230625-290625,Jeudi,26,06,2025
2024/2025,semestre2,S230625-290625,Lundi,23,06,2025
2024/2025,semestre2,S230625-290625,Mardi,24,06,2025
2024/2025,semestre2,S230625-290625,Mercredi,25,06,2025
2024/2025,semestre2,S230625-290625,Samedi,28,06,2025
2024/2025,semestre2,S230625-290625,Vendredi,27,06,2025
2024/2025,semestre1,S230924-290924,Dimanche,29,09,2024
2024/2025,semestre1,S230924-290924,Jeudi,26,09,2024
2024/2025,semestre1,S230924-290924,Lundi,23,09,2024
2024/2025,semestre1,S230924-290924,Mardi,24,09,2024
2024/2025,semestre1,S230924-290924,Mercredi,25,09,2024
2024/2025,semestre1,S230924-290924,Samedi,28,09,2024
2024/2025,semestre1,S230924-290924,Vendredi,27,09,2024
2026/2027,semestre1,S231126-291126,Dimanche,29,11,2026
2026/2027,semestre1,S231126-291126,Jeudi,26,11,2026
2026/2027,semestre1,S231126-291126,Lundi,23,11,2026
2026/2027,semestre1,S231126-291126,Mardi,24,11,2026
2026/2027,semestre1,S231126-291126,Mercredi,25,11,2026
2026/2027,semestre1,S231126-291126,Samedi,28,11,2026
2026/2027,semestre1,S231126-291126,Vendredi,27,11,2026
2024/2025,semestre1,S231224-291224,Dimanche,29,12,2024
2024/2025,semestre1,S231224-291224,Jeudi,26,12,2024
2024/2025,semestre1,S231224-291224,Lundi,23,12,2024
2024/2025,semestre1,S231224-291224,Mardi,24,12,2024
2024/2025,semestre1,S231224-291224,Mercredi,25,12,2024
2024/2025,semestre1,S231224-291224,Samedi,28,12,2024
2024/2025,semestre1,S231224-291224,Vendredi,27,12,2024
2024/2025,semestre2,S240225-020325,Dimanche,02,03,2025
2024/2025,semestre2,S240225-020325,Jeudi,27,02,2025
2024/2025,semestre2,S240225-020325,Lundi,24,02,2025
2024/2025,semestre2,S240225-020325,Mardi,25,02,2025
2024/2025,semestre2,S240225-020325,Mercredi,26,02,2025
2024/2025,semestre2,S240225-020325,Samedi,01,03,2025
2024/2025,semestre2,S240225-020325,Vendredi,28,02,2025
2024/2025,semestre2,S240325-300325,Dimanche,30,03,2025
2024/2025,semestre2,S240325-300325,Jeudi,27,03,2025
2024/2025,semestre2,S240325-300325,Lundi,24,03,2025
2024/2025,semestre2,S240325-300325,Mardi,25,03,2025
2024/2025,semestre2,S240325-300325,Mercredi,26,03,2025
2024/2025,semestre2,S240325-300325,Samedi,29,03,2025
2024/2025,semestre2,S240325-300325,Vendredi,28,03,2025
2025/2026,semestre1,S241125-301125,Dimanche,30,11,2025
2025/2026,semestre1,S241125-301125,Jeudi,27,11,2025
2025/2026,semestre1,S241125-301125,Lundi,24,11,2025
2025/2026,semestre1,S241125-301125,Mardi,25,11,2025
2025/2026,semestre1,S241125-301125,Mercredi,26,11,2025
2025/2026,semestre1,S241125-301125,Samedi,29,11,2025
2025/2026,semestre1,S241125-301125,Vendredi,28,11,2025
2025/2026,semestre2,S250526-310526,Dimanche,31,05,2026
2025/2026,semestre2,S250526-310526,Jeudi,28,05,2026
2025/2026,semestre2,S250526-310526,Lundi,25,05,2026
2025/2026,semestre2,S250526-310526,Mardi,26,05,2026
2025/2026,semestre2,S250526-310526,Mercredi,27,05,2026
2025/2026,semestre2,S250526-310526,Samedi,30,05,2026
2025/2026,semestre2,S250526-310526,Vendredi,29,05,2026
2024/2025,semestre1,S251124-011224,Dimanche,01,12,2024
2024/2025,semestre1,S251124-011224,Jeudi,28,11,2024
2024/2025,semestre1,S251124-011224,Lundi,25,11,2024
2024/2025,semestre1,S251124-011224,Mardi,26,11,2024
2024/2025,semestre1,S251124-011224,Mercredi,27,11,2024
2024/2025,semestre1,S251124-011224,Samedi,30,11,2024
2024/2025,semestre1,S251124-011224,Vendredi,29,11,2024
2025/2026,semestre2,S260126-010226,Dimanche,01,02,2026
2025/2026,semestre2,S260126-010226,Jeudi,29,01,2026
2025/2026,semestre2,S260126-010226,Lundi,26,01,2026
2025/2026,semestre2,S260126-010226,Mardi,27,01,2026
2025/2026,semestre2,S260126-010226,Mercredi,28,01,2026
2025/2026,semestre2,S260126-010226,Samedi,31,01,2026
2025/2026,semestre2,S260126-010226,Vendredi,30,01,2026
2024/2025,semestre2,S260525-010625,Dimanche,01,06,2025
2024/2025,semestre2,S260525-010625,Jeudi,29,05,2025
2024/2025,semestre2,S260525-010625,Lundi,26,05,2025
2024/2025,semestre2,S260525-010625,Mardi,27,05,2025
2024/2025,semestre2,S260525-010625,Mercredi,28,05,2025
2024/2025,semestre2,S260525-010625,Samedi,31,05,2025
2024/2025,semestre2,S260525-010625,Vendredi,30,05,2025
2026/2027,semestre1,S261026-011126,Dimanche,01,11,2026
2026/2027,semestre1,S261026-011126,Jeudi,29,10,2026
2026/2027,semestre1,S261026-011126,Lundi,26,10,2026
2026/2027,semestre1,S261026-011126,Mardi,27,10,2026
2026/2027,semestre1,S261026-011126,Mercredi,28,10,2026
2026/2027,semestre1,S261026-011126,Samedi,31,10,2026
2026/2027,semestre1,S261026-011126,Vendredi,30,10,2026
2024/2025,semestre2,S270125-020225,Dimanche,02,02,2025
2024/2025,semestre2,S270125-020225,Jeudi,30,01,2025
2024/2025,semestre2,S270125-020225,Lundi,27,01,2025
2024/2025,semestre2,S270125-020225,Mardi,28,01,2025
2024/2025,semestre2,S270125-020225,Mercredi,29,01,2025
2024/2025,semestre2,S270125-020225,Samedi,01,02,2025
2024/2025,semestre2,S270125-020225,Vendredi,31,01,2025
2025/2026,semestre2,S270426-030526,Dimanche,03,05,2026
2025/2026,semestre2,S270426-030526,Jeudi,30,04,2026
2025/2026,semestre2,S270426-030526,Lundi,27,04,2026
2025/2026,semestre2,S270426-030526,Mardi,28,04,2026
2025/2026,semestre2,S270426-030526,Mercredi,29,04,2026
2025/2026,semestre2,S270426-030526,Samedi,02,05,2026
2025/2026,semestre2,S270426-030526,Vendredi,01,05,2026
2025/2026,semestre1,S271025-021125,Dimanche,02,11,2025
2025/2026,semestre1,S271025-021125,Jeudi,30,10,2025
2025/2026,semestre1,S271025-021125,Lundi,27,10,2025
2025/2026,semestre1,S271025-021125,Mardi,28,10,2025
2025/2026,semestre1,S271025-021125,Mercredi,29,10,2025
2025/2026,semestre1,S271025-021125,Samedi,01,11,2025
2025/2026,semestre1,S271025-021125,Vendredi,31,10,2025
2024/2025,semestre2,S280425-040525,Dimanche,04,05,2025
2024/2025,semestre2,S280425-040525,Jeudi,01,05,2025
2024/2025,semestre2,S280425-040525,Lundi,28,04,2025
2024/2025,semestre2,S280425-040525,Mardi,29,04,2025
2024/2025,semestre2,S280425-040525,Mercredi,30,04,2025
2024/2025,semestre2,S280425-040525,Samedi,03,05,2025
2024/2025,semestre2,S280425-040525,Vendredi,02,05,2025
2026/2027,semestre1,S280926-041026,Dimanche,04,10,2026
2026/2027,semestre1,S280926-041026,Jeudi,01,10,2026
2026/2027,semestre1,S280926-041026,Lundi,28,09,2026
2026/2027,semestre1,S280926-041026,Mardi,29,09,2026
2026/2027,semestre1,S280926-041026,Mercredi,30,09,2026
2026/2027,semestre1,S280926-041026,Samedi,03,10,2026
2026/2027,semestre1,S280926-041026,Vendredi,02,10,2026
2024/2025,semestre1,S281024-031124,Dimanche,03,11,2024
2024/2025,semestre1,S281024-031124,Jeudi,31,10,2024
2024/2025,semestre1,S281024-031124,Lundi,28,10,2024
2024/2025,semestre1,S281024-031124,Mardi,29,10,2024
2024/2025,semestre1,S281024-031124,Mercredi,30,10,2024
2024/2025,semestre1,S281024-031124,Samedi,02,11,2024
2024/2025,semestre1,S281024-031124,Vendredi,01,11,2024
2026/2027,semestre1,S281226-030127,Jeudi,31,12,2026
2026/2027,semestre1,S281226-030127,Lundi,28,12,2026
2026/2027,semestre1,S281226-030127,Mardi,29,12,2026
2026/2027,semestre1,S281226-030127,Mercredi,30,12,2026
2025/2026,semestre2,S290626-050726,Lundi,29,06,2026
2025/2026,semestre2,S290626-050726,Mardi,30,06,2026
2025/2026,semestre1,S290925-051025,Dimanche,05,10,2025
2025/2026,semestre1,S290925-051025,Jeudi,02,10,2025
2025/2026,semestre1,S290925-051025,Lundi,29,09,2025
2025/2026,semestre1,S290925-051025,Mardi,30,09,2025
2025/2026,semestre1,S290925-051025,Mercredi,01,10,2025
2025/2026,semestre1,S290925-051025,Samedi,04,10,2025
2025/2026,semestre1,S290925-051025,Vendredi,03,10,2025
2025/2026,semestre1,S291225-040126,Dimanche,04,01,2026
2025/2026,semestre1,S291225-040126,Jeudi,01,01,2026
2025/2026,semestre1,S291225-040126,Lundi,29,12,2025
2025/2026,semestre1,S291225-040126,Mardi,30,12,2025
2025/2026,semestre1,S291225-040126,Mercredi,31,12,2025
2025/2026,semestre1,S291225-040126,Samedi,03,01,2026
2025/2026,semestre1,S291225-040126,Vendredi,02,01,2026
2025/2026,semestre2,S300326-050426,Dimanche,05,04,2026
2025/2026,semestre2,S300326-050426,Jeudi,02,04,2026
2025/2026,semestre2,S300326-050426,Lundi,30,03,2026
2025/2026,semestre2,S300326-050426,Mardi,31,03,2026
2025/2026,semestre2,S300326-050426,Mercredi,01,04,2026
2025/2026,semestre2,S300326-050426,Samedi,04,04,2026
2025/2026,semestre2,S300326-050426,Vendredi,03,04,2026
2024/2025,semestre2,S300625-060725,Lundi,30,06,2025
2024/2025,semestre1,S300924-061024,Dimanche,06,10,2024
2024/2025,semestre1,S300924-061024,Jeudi,03,10,2024
2024/2025,semestre1,S300924-061024,Lundi,30,09,2024
2024/2025,semestre1,S300924-061024,Mardi,01,10,2024
2024/2025,semestre1,S300924-061024,Mercredi,02,10,2024
2024/2025,semestre1,S300924-061024,Samedi,05,10,2024
2024/2025,semestre1,S300924-061024,Vendredi,04,10,2024
2026/2027,semestre1,S301126-061226,Dimanche,06,12,2026
2026/2027,semestre1,S301126-061226,Jeudi,03,12,2026
2026/2027,semestre1,S301126-061226,Lundi,30,11,2026
2026/2027,semestre1,S301126-061226,Mardi,01,12,2026
2026/2027,semestre1,S301126-061226,Mercredi,02,12,2026
2026/2027,semestre1,S301126-061226,Samedi,05,12,2026
2026/2027,semestre1,S301126-061226,Vendredi,04,12,2026
2024/2025,semestre1,S301224-050125,Lundi,30,12,2024
2024/2025,semestre1,S301224-050125,Mardi,31,12,2024
2024/2025,semestre2,S310325-060425,Dimanche,06,04,2025
2024/2025,semestre2,S310325-060425,Jeudi,03,04,2025
2024/2025,semestre2,S310325-060425,Lundi,31,03,2025
2024/2025,semestre2,S310325-060425,Mardi,01,04,2025
2024/2025,semestre2,S310325-060425,Mercredi,02,04,2025
2024/2025,semestre2,S310325-060425,Samedi,05,04,2025
2024/2025,semestre2,S310325-060425,Vendredi,04,04,2025
